{
  "dh": [
    -0.12193868445966966,
    0.2032311407661161
  ],
  "dpre": [
    -0.09589840195415476,
    0.1738924465790125
  ],
  "dpre_out": -0.4064622815322322,
  "grad_b1": [
    -0.09589840195415476,
    0.1738924465790125
  ],
  "grad_b_out": -0.4064622815322322,
  "grad_w1": [
    [
      -0.09589840195415476,
      0.0
    ],
    [
      0.1738924465790125,
      0.0
    ]
  ],
  "grad_w2": [
    -0.18783319407509289,
    0.15443492206406267
  ],
  "h": [
    0.46211715726000974,
    -0.3799489622552249
  ],
  "loss": 0.5216545143523549,
  "o": 0.5935377184677678,
  "o_pre": 0.37860962830561534,
  "oc": 0.5935377184677678,
  "output": 0.5935377184677678,
  "pre": [
    0.5,
    -0.4
  ]
}