{
  "brightness": [
    0.03985555402648264,
    2.251381240694757,
    0.8723675378695532,
    0.10037438903636797
  ],
  "dx": [
    [
      -1.3751362468449815,
      -0.9031400130130678,
      -1.00172173913292
    ],
    [
      -0.3751362468449815,
      0.09685998698693217,
      -0.0017217391329200638
    ],
    [
      0.12486375315501852,
      0.5968599869869322,
      0.49827826086707994
    ],
    [
      0.5248637531550185,
      0.9968599869869322,
      0.89827826086708
    ]
  ],
  "intensity": [
    [
      0.010520780212375536,
      0.018167242919809104,
      0.029601958956519635
    ],
    [
      0.132690048706889,
      0.7739196475743395,
      2.999110947856792
    ],
    [
      0.781526072498936,
      0.04095654345082206,
      0.11615246121991929
    ],
    [
      0.07005696627456771,
      0.014944260394622287,
      0.03672402889220487
    ]
  ],
  "lbx": [
    0.1,
    -0.2,
    0.3
  ],
  "lglow": [
    0.02,
    0.015,
    0.03
  ],
  "lph": [
    0.2,
    1.1,
    2.0
  ],
  "lr": [
    0.3,
    0.4,
    0.5
  ],
  "lwr": [
    1.0,
    0.8,
    0.5
  ],
  "lx": [
    0.3751362468449815,
    -0.09685998698693217,
    0.0017217391329200638
  ],
  "px": [
    -1.0,
    0.0,
    0.5,
    0.9
  ],
  "t": 0.21
}