{
  "addl_med_rate": 0.009,
  "addl_med_tax": [
    0.0,
    0.0,
    224.99999999999997,
    0.0
  ],
  "after_tax": [
    112986.5,
    121843.0,
    112761.5,
    116432.0
  ],
  "amt": [
    [
      11600.0,
      35550.0,
      53375.0,
      34875.0,
      0.0,
      0.0,
      0.0
    ],
    [
      23200.0,
      71100.0,
      26500.0,
      0.0,
      0.0,
      0.0,
      0.0
    ],
    [
      11600.0,
      35550.0,
      53375.0,
      34875.0,
      0.0,
      0.0,
      0.0
    ],
    [
      16550.0,
      46550.0,
      37400.0,
      27600.0,
      0.0,
      0.0,
      0.0
    ]
  ],
  "big_hi": 100000000000.0,
  "fed_eff": [
    0.17025666666666667,
    0.11121333333333333,
    0.17025666666666667,
    0.14728666666666668
  ],
  "fed_marg": [
    0.24,
    0.22,
    0.24,
    0.24
  ],
  "fed_tax": [
    25538.5,
    16682.0,
    25538.5,
    22093.0
  ],
  "fica_eff": [
    0.0765,
    0.0765,
    0.078,
    0.0765
  ],
  "fica_tax": [
    11475.0,
    11475.0,
    11700.0,
    11475.0
  ],
  "hi": [
    [
      11600.0,
      47150.0,
      100525.0,
      191950.0,
      243725.0,
      609350.0,
      -1.0
    ],
    [
      23200.0,
      94300.0,
      201050.0,
      383900.0,
      487450.0,
      731200.0,
      -1.0
    ],
    [
      11600.0,
      47150.0,
      100525.0,
      191950.0,
      243725.0,
      365600.0,
      -1.0
    ],
    [
      16550.0,
      63100.0,
      100500.0,
      191950.0,
      243700.0,
      609350.0,
      -1.0
    ]
  ],
  "hi_eff": [
    [
      11600.0,
      47150.0,
      100525.0,
      191950.0,
      243725.0,
      609350.0,
      100000000000.0
    ],
    [
      23200.0,
      94300.0,
      201050.0,
      383900.0,
      487450.0,
      731200.0,
      100000000000.0
    ],
    [
      11600.0,
      47150.0,
      100525.0,
      191950.0,
      243725.0,
      365600.0,
      100000000000.0
    ],
    [
      16550.0,
      63100.0,
      100500.0,
      191950.0,
      243700.0,
      609350.0,
      100000000000.0
    ]
  ],
  "in_br": [
    [
      false,
      false,
      false,
      true,
      false,
      false,
      false
    ],
    [
      false,
      false,
      true,
      false,
      false,
      false,
      false
    ],
    [
      false,
      false,
      false,
      true,
      false,
      false,
      false
    ],
    [
      false,
      false,
      false,
      true,
      false,
      false,
      false
    ]
  ],
  "lo": [
    [
      0.0,
      11600.0,
      47150.0,
      100525.0,
      191950.0,
      243725.0,
      609350.0
    ],
    [
      0.0,
      23200.0,
      94300.0,
      201050.0,
      383900.0,
      487450.0,
      731200.0
    ],
    [
      0.0,
      11600.0,
      47150.0,
      100525.0,
      191950.0,
      243725.0,
      365600.0
    ],
    [
      0.0,
      16550.0,
      63100.0,
      100500.0,
      191950.0,
      243700.0,
      609350.0
    ]
  ],
  "local_tax": 0.0,
  "med_base_rate": 0.0145,
  "med_tax": 2175.0,
  "rate": [
    [
      0.1,
      0.12,
      0.22,
      0.24,
      0.32,
      0.35,
      0.37
    ],
    [
      0.1,
      0.12,
      0.22,
      0.24,
      0.32,
      0.35,
      0.37
    ],
    [
      0.1,
      0.12,
      0.22,
      0.24,
      0.32,
      0.35,
      0.37
    ],
    [
      0.1,
      0.12,
      0.22,
      0.24,
      0.32,
      0.35,
      0.37
    ]
  ],
  "ss_rate": 0.062,
  "ss_tax": 9300.0,
  "ss_wage_base": 168600.0,
  "state_tax": 0.0,
  "summary": [
    {
      "after_tax": 112986.5,
      "federal": {
        "effective": 0.17025666666666667,
        "marginal": 0.24,
        "tax": 25538.5
      },
      "fica": {
        "effective": 0.0765,
        "tax": 11475.0
      },
      "filing_status": "single",
      "local": {
        "effective": 0.0,
        "marginal": 0.0,
        "tax": 0.0
      },
      "retirement_contrib": 0.0,
      "state": {
        "effective": 0.0,
        "marginal": 0.0,
        "tax": 0.0
      },
      "take_home": 112986.5,
      "total": {
        "effective": 0.24675666666666668,
        "tax": 37013.5
      }
    },
    {
      "after_tax": 121843.0,
      "federal": {
        "effective": 0.11121333333333333,
        "marginal": 0.22,
        "tax": 16682.0
      },
      "fica": {
        "effective": 0.0765,
        "tax": 11475.0
      },
      "filing_status": "married_joint",
      "local": {
        "effective": 0.0,
        "marginal": 0.0,
        "tax": 0.0
      },
      "retirement_contrib": 0.0,
      "state": {
        "effective": 0.0,
        "marginal": 0.0,
        "tax": 0.0
      },
      "take_home": 121843.0,
      "total": {
        "effective": 0.18771333333333334,
        "tax": 28157.0
      }
    },
    {
      "after_tax": 112761.5,
      "federal": {
        "effective": 0.17025666666666667,
        "marginal": 0.24,
        "tax": 25538.5
      },
      "fica": {
        "effective": 0.078,
        "tax": 11700.0
      },
      "filing_status": "married_separate",
      "local": {
        "effective": 0.0,
        "marginal": 0.0,
        "tax": 0.0
      },
      "retirement_contrib": 0.0,
      "state": {
        "effective": 0.0,
        "marginal": 0.0,
        "tax": 0.0
      },
      "take_home": 112761.5,
      "total": {
        "effective": 0.24825666666666665,
        "tax": 37238.5
      }
    },
    {
      "after_tax": 116432.0,
      "federal": {
        "effective": 0.14728666666666668,
        "marginal": 0.24,
        "tax": 22093.0
      },
      "fica": {
        "effective": 0.0765,
        "tax": 11475.0
      },
      "filing_status": "head_of_household",
      "local": {
        "effective": 0.0,
        "marginal": 0.0,
        "tax": 0.0
      },
      "retirement_contrib": 0.0,
      "state": {
        "effective": 0.0,
        "marginal": 0.0,
        "tax": 0.0
      },
      "take_home": 116432.0,
      "total": {
        "effective": 0.22378666666666666,
        "tax": 33568.0
      }
    }
  ],
  "take_home": [
    112986.5,
    121843.0,
    112761.5,
    116432.0
  ],
  "taxable": [
    135400.0,
    120800.0,
    135400.0,
    128100.0
  ],
  "total_eff": [
    0.24675666666666668,
    0.18771333333333334,
    0.24825666666666665,
    0.22378666666666666
  ],
  "total_tax": [
    37013.5,
    28157.0,
    37238.5,
    33568.0
  ]
}