{
  "adj": 0.7916666666666665,
  "full_retirement_age": 66.16666666666667,
  "months_delayed": 0.0,
  "months_early": 38.00000000000006,
  "months_early_additional": 2.000000000000057,
  "months_early_first_36": 36.0
}