{
  "accel": [
    1.1111080000060742,
    -0.7499973750056252,
    -0.361110625000449
  ],
  "dist": [
    [
      0.000001,
      1.000001,
      3.000001
    ],
    [
      1.000001,
      0.000001,
      2.000001
    ],
    [
      3.000001,
      2.000001,
      0.000001
    ]
  ],
  "dx": [
    [
      0.0,
      1.0,
      3.0
    ],
    [
      -1.0,
      0.0,
      2.0
    ],
    [
      -3.0,
      -2.0,
      0.0
    ]
  ],
  "mj": [
    [
      1.0,
      1.0,
      1.0
    ],
    [
      1.0,
      1.0,
      1.0
    ],
    [
      1.0,
      1.0,
      1.0
    ]
  ],
  "xi": [
    0.0,
    1.0,
    3.0
  ],
  "xj": [
    [
      0.0,
      1.0,
      3.0
    ],
    [
      0.0,
      1.0,
      3.0
    ],
    [
      0.0,
      1.0,
      3.0
    ]
  ]
}