{
  "e": [
    1.6487212707001282,
    2.718281828459045,
    7.38905609893065
  ],
  "l": [
    -0.6931471805599453,
    0.0,
    0.6931471805599453
  ],
  "neg": [
    -0.5,
    -1.0,
    -2.0
  ],
  "sigmoid": [
    0.6224593312018546,
    0.7310585786300049,
    0.8807970779778823
  ],
  "t": [
    0.46211715726000974,
    0.7615941559557649,
    0.9640275800758169
  ]
}